station,annee,mois,jour,temperature,humidite,precipitations,vent,pression,indice_uv,score
Station_Rabat,2023,janvier,1,nan,nan,nan,40,nan,8,10
Station_Rabat,2023,janvier,2,nan,nan,0,31,1002,1,46
Station_Rabat,2023,janvier,3,33,nan,12,nan,995,2,23
Station_Rabat,2023,janvier,4,nan,41,1,nan,1030,nan,38
Station_Rabat,2023,janvier,5,nan,80,1,nan,1006,9,33
Station_Rabat,2023,janvier,6,nan,nan,1,nan,1035,nan,23
Station_Rabat,2023,janvier,7,nan,33,nan,70,nan,nan,8
Station_Rabat,2023,janvier,8,nan,nan,12,nan,nan,2,15
Station_Rabat,2023,janvier,9,39,nan,16,52,nan,3,28
Station_Rabat,2023,janvier,10,8,92,nan,39,985,0,34
Station_Rabat,2023,janvier,11,18,20,11,nan,nan,11,30
Station_Rabat,2023,janvier,12,nan,nan,nan,60,999,4,26
Station_Rabat,2023,janvier,13,nan,nan,3,nan,1033,nan,16
Station_Rabat,2023,janvier,14,nan,86,1,nan,1034,nan,26
Station_Rabat,2023,janvier,15,nan,97,6,75,nan,nan,11
Station_Rabat,2023,janvier,16,nan,nan,19,67,nan,nan,0
Station_Rabat,2023,janvier,17,nan,nan,nan,nan,988,10,5
Station_Rabat,2023,janvier,18,nan,nan,nan,96,1028,nan,8
Station_Rabat,2023,janvier,19,29,nan,nan,nan,nan,nan,15
Station_Rabat,2023,janvier,20,21,nan,nan,31,1001,10,43
Station_Rabat,2023,janvier,21,16,nan,nan,nan,1005,9,25
Station_Rabat,2023,janvier,22,nan,9,nan,15,986,nan,21
Station_Rabat,2023,janvier,23,25,nan,nan,96,nan,nan,25
Station_Rabat,2023,janvier,24,nan,nan,14,42,nan,1,23
Station_Rabat,2023,janvier,25,2,16,1,nan,1029,3,46
Station_Rabat,2023,janvier,26,25,nan,nan,nan,nan,nan,25
Station_Rabat,2023,janvier,27,nan,46,nan,nan,nan,10,17
Station_Rabat,2023,janvier,28,4,nan,nan,nan,996,nan,8
Station_Rabat,2023,janvier,29,nan,nan,15,nan,nan,8,2
Station_Rabat,2023,janvier,30,nan,nan,nan,67,nan,5,15
Station_Rabat,2023,janvier,31,15,nan,nan,nan,1021,nan,30
Station_Rabat,2023,fevrier,1,nan,85,nan,nan,1012,nan,18
Station_Rabat,2023,fevrier,2,18,nan,0,nan,1005,9,50
Station_Rabat,2023,fevrier,3,18,11,4,74,nan,2,51
Station_Rabat,2023,fevrier,4,nan,nan,16,nan,nan,nan,0
Station_Rabat,2023,fevrier,5,14,nan,13,nan,nan,8,17
Station_Rabat,2023,fevrier,6,9,nan,14,3,nan,nan,20
Station_Rabat,2023,fevrier,7,nan,41,nan,nan,nan,nan,15
Station_Rabat,2023,fevrier,8,22,nan,4,nan,nan,6,41
Station_Rabat,2023,fevrier,9,nan,55,2,73,1002,nan,38
Station_Rabat,2023,fevrier,10,nan,71,nan,nan,nan,8,10
Station_Rabat,2023,fevrier,11,36,nan,nan,99,nan,3,20
Station_Rabat,2023,fevrier,12,32,nan,nan,nan,nan,10,17
Station_Rabat,2023,fevrier,13,38,nan,nan,97,nan,nan,5
Station_Rabat,2023,fevrier,14,12,nan,2,nan,1019,1,60
Station_Rabat,2023,fevrier,15,nan,94,1,nan,nan,9,20
Station_Rabat,2023,fevrier,16,nan,6,7,nan,1037,7,22
Station_Rabat,2023,fevrier,17,38,nan,1,17,1028,nan,43
Station_Rabat,2023,fevrier,18,nan,nan,nan,95,1026,nan,8
Station_Rabat,2023,fevrier,19,nan,98,0,67,nan,nan,18
Station_Rabat,2023,fevrier,20,nan,nan,10,nan,992,nan,11
Station_Rabat,2023,fevrier,21,nan,nan,nan,nan,nan,0,15
Station_Rabat,2023,fevrier,22,nan,96,7,16,1011,nan,41
Station_Rabat,2023,fevrier,23,nan,nan,17,39,nan,nan,8
Station_Rabat,2023,fevrier,24,37,nan,12,nan,nan,6,13
Station_Rabat,2023,fevrier,25,nan,30,6,13,nan,2,46
Station_Rabat,2023,fevrier,26,nan,nan,nan,nan,1036,nan,3
Station_Rabat,2023,fevrier,27,nan,33,5,94,1030,3,39
Station_Rabat,2023,fevrier,28,nan,nan,17,nan,nan,9,2
Station_Rabat,2023,fevrier,29,1,100,nan,58,nan,6,24
Station_Rabat,2023,mars,1,15,nan,0,nan,nan,nan,30
Station_Rabat,2023,mars,2,nan,80,nan,11,1023,0,53
Station_Rabat,2023,mars,3,34,13,nan,nan,nan,nan,8
Station_Rabat,2023,mars,4,20,nan,17,30,1019,nan,55
Station_Rabat,2023,mars,5,nan,4,nan,84,1026,8,13
Station_Rabat,2023,mars,6,8,77,nan,nan,998,7,24
Station_Rabat,2023,mars,7,2,11,nan,69,1008,nan,16
Station_Rabat,2023,mars,8,nan,3,8,nan,nan,11,13
Station_Rabat,2023,mars,9,31,nan,19,64,nan,2,30
Station_Rabat,2023,mars,10,nan,nan,20,nan,nan,nan,0
Station_Rabat,2023,mars,11,nan,89,0,96,1004,10,28
Station_Rabat,2023,mars,12,nan,nan,5,nan,1029,5,31
Station_Rabat,2023,mars,13,nan,67,14,nan,1002,nan,23
Station_Rabat,2023,mars,14,nan,87,nan,nan,1001,2,26
Station_Rabat,2023,mars,15,5,23,nan,43,nan,nan,16
Station_Rabat,2023,mars,16,14,67,nan,nan,1015,5,60
Station_Rabat,2023,mars,17,1,66,12,2,1028,10,45
Station_Rabat,2023,mars,18,nan,nan,nan,nan,nan,7,8
Station_Rabat,2023,mars,19,nan,25,nan,nan,985,3,21
Station_Rabat,2023,mars,20,nan,41,nan,41,nan,nan,23
Station_Rabat,2023,mars,21,nan,53,nan,30,1008,nan,38
Station_Rabat,2023,mars,22,39,nan,nan,4,991,nan,23
Station_Rabat,2023,mars,23,37,nan,nan,96,980,nan,8
Station_Rabat,2023,mars,24,15,nan,4,71,nan,5,38
Station_Rabat,2023,mars,25,28,35,nan,63,1012,11,50
Station_Rabat,2023,mars,26,34,93,11,100,nan,nan,8
Station_Rabat,2023,mars,27,5,nan,nan,nan,989,nan,8
Station_Rabat,2023,mars,28,nan,nan,nan,41,nan,0,23
Station_Rabat,2023,mars,29,21,nan,20,nan,nan,4,40
Station_Rabat,2023,mars,30,18,49,4,nan,1007,10,58
Station_Rabat,2023,mars,31,18,nan,4,nan,1038,nan,36
Station_Rabat,2023,avril,1,nan,nan,nan,nan,nan,nan,0
Station_Rabat,2023,avril,2,40,nan,1,nan,nan,nan,20
Station_Rabat,2023,avril,3,26,nan,6,nan,nan,7,41
Station_Rabat,2023,avril,4,nan,85,nan,44,1009,4,34
Station_Rabat,2023,avril,5,35,nan,nan,nan,nan,nan,5
Station_Rabat,2023,avril,6,32,nan,3,nan,1025,1,53
Station_Rabat,2023,avril,7,nan,nan,6,nan,nan,0,23
Station_Rabat,2023,avril,8,nan,nan,nan,12,1031,nan,23
Station_Rabat,2023,avril,9,40,nan,nan,41,nan,nan,13
Station_Rabat,2023,avril,10,20,34,3,92,1027,nan,49
Station_Rabat,2023,avril,11,25,nan,18,33,1016,nan,48
Station_Rabat,2023,avril,12,11,77,nan,nan,nan,nan,23
Station_Rabat,2023,avril,13,nan,85,16,nan,993,11,8
Station_Rabat,2023,avril,14,nan,nan,nan,17,nan,nan,15
Station_Rabat,2023,avril,15,nan,5,17,77,1013,nan,18
Station_Rabat,2023,avril,16,23,nan,20,nan,nan,4,40
Station_Rabat,2023,avril,17,15,nan,18,14,984,nan,33
Station_Rabat,2023,avril,18,nan,nan,nan,99,nan,1,15
Station_Rabat,2023,avril,19,12,nan,nan,0,nan,3,45
Station_Rabat,2023,avril,20,nan,18,nan,nan,nan,nan,3
Station_Rabat,2023,avril,21,29,nan,nan,nan,nan,6,23
Station_Rabat,2023,avril,22,nan,nan,nan,nan,1026,10,10
Station_Rabat,2023,avril,23,nan,nan,1,nan,1007,nan,23
Station_Rabat,2023,avril,24,nan,nan,14,nan,989,nan,3
Station_Rabat,2023,avril,25,5,2,nan,nan,1016,nan,23
Station_Rabat,2023,avril,26,38,nan,nan,89,1002,nan,13
Station_Rabat,2023,avril,27,13,16,nan,29,nan,nan,33
Station_Rabat,2023,avril,28,27,70,17,49,nan,nan,48
Station_Rabat,2023,avril,29,nan,nan,nan,nan,nan,nan,0
Station_Rabat,2023,avril,30,nan,71,nan,nan,nan,6,16
Station_Rabat,2023,mai,1,nan,nan,nan,nan,1001,nan,8
Station_Rabat,2023,mai,2,nan,28,nan,nan,981,6,14
Station_Rabat,2023,mai,3,36,47,nan,47,1017,5,58
Station_Rabat,2023,mai,4,nan,31,nan,17,1009,nan,31
Station_Rabat,2023,mai,5,nan,nan,nan,nan,981,nan,3
Station_Rabat,2023,mai,6,6,51,2,20,nan,nan,50
Station_Rabat,2023,mai,7,nan,93,nan,nan,nan,nan,3
Station_Rabat,2023,mai,8,nan,nan,13,nan,983,nan,3
Station_Rabat,2023,mai,9,nan,6,11,62,992,nan,6
Station_Rabat,2023,mai,10,nan,2,5,68,1008,11,21
Station_Rabat,2023,mai,11,38,nan,nan,nan,nan,nan,5
Station_Rabat,2023,mai,12,38,20,8,50,nan,1,39
Station_Rabat,2023,mai,13,nan,nan,4,nan,983,6,19
Station_Rabat,2023,mai,14,nan,39,nan,nan,nan,0,23
Station_Rabat,2023,mai,15,37,85,3,nan,1027,nan,24
Station_Rabat,2023,mai,16,nan,91,nan,nan,nan,nan,3
Station_Rabat,2023,mai,17,2,nan,18,82,1039,9,10
Station_Rabat,2023,mai,18,nan,nan,6,75,nan,6,16
Station_Rabat,2023,mai,19,38,13,nan,nan,1011,0,38
Station_Rabat,2023,mai,20,30,nan,5,nan,993,nan,26
Station_Rabat,2023,mai,21,39,nan,nan,nan,nan,nan,5
Station_Rabat,2023,mai,22,32,nan,nan,nan,nan,nan,15
Station_Rabat,2023,mai,23,40,nan,7,87,nan,nan,13
Station_Rabat,2023,mai,24,nan,93,nan,9,1037,nan,21
Station_Rabat,2023,mai,25,nan,57,nan,73,1012,nan,30
Station_Rabat,2023,mai,26,nan,nan,nan,53,1000,nan,16
Station_Rabat,2023,mai,27,nan,nan,9,nan,nan,8,10
Station_Rabat,2023,mai,28,37,21,nan,59,1017,nan,31
Station_Rabat,2023,mai,29,nan,75,nan,nan,1030,1,31
Station_Rabat,2023,mai,30,nan,nan,5,nan,1001,nan,16
Station_Rabat,2023,mai,31,29,23,nan,77,1024,9,35
Station_Rabat,2023,juin,1,nan,92,19,3,1008,nan,26
Station_Rabat,2023,juin,2,nan,19,3,nan,1039,nan,14
Station_Rabat,2023,juin,3,40,nan,nan,34,nan,nan,13
Station_Rabat,2023,juin,4,nan,33,nan,96,nan,nan,8
Station_Rabat,2023,juin,5,nan,11,nan,nan,nan,3,18
Station_Rabat,2023,juin,6,nan,27,nan,nan,nan,4,18
Station_Rabat,2023,juin,7,nan,51,nan,46,1028,nan,31
Station_Rabat,2023,juin,8,nan,nan,13,nan,nan,11,2
Station_Rabat,2023,juin,9,nan,100,nan,60,nan,nan,11
Station_Rabat,2023,juin,10,nan,nan,12,nan,986,1,18
Station_Rabat,2023,juin,11,17,nan,7,nan,1038,10,28
Station_Rabat,2023,juin,12,16,nan,18,89,999,9,20
Station_Rabat,2023,juin,13,5,43,nan,nan,nan,nan,20
Station_Rabat,2023,juin,14,3,nan,nan,nan,984,1,23
Station_Rabat,2023,juin,15,nan,76,6,nan,nan,1,31
Station_Rabat,2023,juin,16,20,nan,12,nan,981,2,43
Station_Rabat,2023,juin,17,33,nan,9,48,1030,6,37
Station_Rabat,2023,juin,18,nan,41,nan,1,1000,5,53
Station_Rabat,2023,juin,19,28,nan,18,100,1029,nan,33
Station_Rabat,2023,juin,20,nan,nan,7,33,1036,nan,19
Station_Rabat,2023,juin,21,26,89,nan,50,1018,nan,51
Station_Rabat,2023,juin,22,0,nan,nan,19,991,6,31
Station_Rabat,2023,juin,23,30,nan,nan,nan,nan,2,30
Station_Rabat,2023,juin,24,nan,47,17,nan,nan,1,30
Station_Rabat,2023,juin,25,37,61,nan,nan,991,nan,23
Station_Rabat,2023,juin,26,17,17,nan,81,nan,nan,18
Station_Rabat,2023,juin,27,nan,26,7,nan,1007,11,21
Station_Rabat,2023,juin,28,nan,59,nan,47,nan,nan,23
Station_Rabat,2023,juin,29,nan,64,8,96,nan,10,25
Station_Rabat,2023,juin,30,16,83,9,nan,nan,nan,26
Station_Rabat,2023,juillet,1,nan,19,9,nan,1008,nan,19
Station_Rabat,2023,juillet,2,15,nan,nan,nan,1035,nan,23
Station_Rabat,2023,juillet,3,4,nan,nan,8,nan,4,35
Station_Rabat,2023,juillet,4,nan,4,nan,nan,nan,nan,3
Station_Rabat,2023,juillet,5,nan,nan,nan,91,1008,8,10
Station_Rabat,2023,juillet,6,nan,54,5,32,1038,4,49
Station_Rabat,2023,juillet,7,nan,nan,17,nan,nan,nan,0
Station_Rabat,2023,juillet,8,0,nan,4,64,1035,9,23
Station_Rabat,2023,juillet,9,nan,nan,9,nan,1033,1,31
Station_Rabat,2023,juillet,10,nan,32,nan,11,1025,2,53
Station_Rabat,2023,juillet,11,nan,nan,18,nan,nan,nan,0
Station_Rabat,2023,juillet,12,35,3,nan,nan,nan,nan,8
Station_Rabat,2023,juillet,13,nan,nan,nan,nan,nan,11,2
Station_Rabat,2023,juillet,14,29,nan,nan,65,1025,nan,30
Station_Rabat,2023,juillet,15,nan,nan,11,11,nan,8,17
Station_Rabat,2023,juillet,16,nan,nan,nan,100,997,nan,3
Station_Rabat,2023,juillet,17,12,39,18,nan,nan,nan,23
Station_Rabat,2023,juillet,18,29,nan,11,42,nan,nan,23
Station_Rabat,2023,juillet,19,2,55,13,nan,980,5,38
Station_Rabat,2023,juillet,20,nan,nan,nan,57,986,9,13
Station_Rabat,2023,juillet,21,39,nan,nan,55,nan,nan,13
Station_Rabat,2023,juillet,22,24,20,19,nan,nan,8,30
Station_Rabat,2023,juillet,23,nan,60,nan,nan,1003,2,38
Station_Rabat,2023,juillet,24,nan,72,nan,nan,nan,nan,8
Station_Rabat,2023,juillet,25,27,nan,nan,nan,nan,9,27
Station_Rabat,2023,juillet,26,nan,100,11,65,987,7,14
Station_Rabat,2023,juillet,27,nan,nan,15,nan,nan,nan,0
Station_Rabat,2023,juillet,28,nan,77,4,nan,nan,9,18
Station_Rabat,2023,juillet,29,nan,nan,8,nan,986,10,13
Station_Rabat,2023,juillet,30,23,5,nan,nan,988,nan,31
Station_Rabat,2023,juillet,31,nan,nan,2,28,1006,0,53
Station_Rabat,2023,aout,1,nan,17,nan,nan,1038,11,8
Station_Rabat,2023,aout,2,nan,11,nan,20,1025,nan,33
Station_Rabat,2023,aout,3,8,9,17,0,nan,nan,23
Station_Rabat,2023,aout,4,nan,73,nan,nan,nan,nan,8
Station_Rabat,2023,aout,5,nan,nan,nan,nan,nan,nan,0
Station_Rabat,2023,aout,6,2,9,18,nan,980,nan,11
Station_Rabat,2023,aout,7,32,71,nan,nan,1031,nan,31
Station_Rabat,2023,aout,8,26,16,8,nan,nan,nan,36
Station_Rabat,2023,aout,9,nan,nan,nan,4,nan,2,30
Station_Rabat,2023,aout,10,35,nan,2,nan,1036,7,31
Station_Rabat,2023,aout,11,nan,nan,nan,51,1014,0,38
Station_Rabat,2023,aout,12,nan,nan,8,nan,1015,2,38
Station_Rabat,2023,aout,13,14,80,nan,nan,1001,0,46
Station_Rabat,2023,aout,14,28,nan,12,57,nan,5,48
Station_Rabat,2023,aout,15,nan,nan,nan,69,1037,nan,3
Station_Rabat,2023,aout,16,31,nan,nan,nan,nan,1,30
Station_Rabat,2023,aout,17,32,nan,4,37,1023,nan,46
Station_Rabat,2023,aout,18,nan,51,7,nan,nan,nan,23
Station_Rabat,2023,aout,19,nan,56,18,nan,990,nan,18
Station_Rabat,2023,aout,20,5,14,nan,44,1008,0,39
Station_Rabat,2023,aout,21,nan,nan,nan,16,nan,5,30
Station_Rabat,2023,aout,22,nan,nan,nan,50,nan,nan,8
Station_Rabat,2023,aout,23,nan,0,nan,nan,nan,8,5
Station_Rabat,2023,aout,24,nan,69,nan,28,nan,8,32
Station_Rabat,2023,aout,25,nan,47,nan,46,nan,0,38
Station_Rabat,2023,aout,26,nan,nan,12,nan,984,11,5
Station_Rabat,2023,aout,27,30,nan,15,nan,nan,nan,15
Station_Rabat,2023,aout,28,36,39,nan,0,1011,nan,43
Station_Rabat,2023,aout,29,21,nan,5,nan,nan,6,41
Station_Rabat,2023,aout,30,nan,nan,nan,58,nan,nan,8
Station_Rabat,2023,aout,31,nan,nan,9,nan,nan,nan,8
Station_Rabat,2023,septembre,1,nan,nan,0,65,nan,nan,15
Station_Rabat,2023,septembre,2,5,50,nan,nan,998,7,31
Station_Rabat,2023,septembre,3,36,nan,nan,75,nan,nan,5
Station_Rabat,2023,septembre,4,nan,nan,nan,58,nan,1,23
Station_Rabat,2023,septembre,5,29,nan,0,nan,1031,nan,38
Station_Rabat,2023,septembre,6,nan,nan,nan,nan,984,nan,3
Station_Rabat,2023,septembre,7,33,nan,nan,nan,nan,8,7
Station_Rabat,2023,septembre,8,13,nan,18,72,1024,nan,30
Station_Rabat,2023,septembre,9,nan,nan,nan,nan,984,nan,3
Station_Rabat,2023,septembre,10,32,22,10,nan,nan,2,41
Station_Rabat,2023,septembre,11,nan,nan,nan,78,nan,nan,0
Station_Rabat,2023,septembre,12,nan,7,2,35,nan,nan,26
Station_Rabat,2023,septembre,13,nan,8,nan,nan,nan,nan,3
Station_Rabat,2023,septembre,14,nan,nan,1,nan,nan,2,30
Station_Rabat,2023,septembre,15,31,nan,7,nan,nan,nan,23
Station_Rabat,2023,septembre,16,26,6,8,nan,nan,nan,36
Station_Rabat,2023,septembre,17,28,58,nan,nan,nan,nan,40
Station_Rabat,2023,septembre,18,nan,nan,15,nan,nan,nan,0
Station_Rabat,2023,septembre,19,nan,nan,17,8,nan,nan,15
Station_Rabat,2023,septembre,20,nan,53,nan,46,1015,6,46
Station_Rabat,2023,septembre,21,nan,nan,nan,10,1003,0,38
Station_Rabat,2023,septembre,22,37,99,nan,56,nan,10,18
Station_Rabat,2023,septembre,23,nan,nan,18,nan,999,2,18
Station_Rabat,2023,septembre,24,nan,21,4,nan,nan,nan,11
Station_Rabat,2023,septembre,25,nan,94,20,nan,nan,8,5
Station_Rabat,2023,septembre,26,nan,94,nan,92,nan,10,5
Station_Rabat,2023,septembre,27,nan,25,nan,92,1040,2,21
Station_Rabat,2023,septembre,28,3,nan,nan,nan,nan,nan,5
Station_Rabat,2023,septembre,29,nan,90,16,nan,1003,5,26
Station_Rabat,2023,septembre,30,24,63,14,75,1026,3,63
Station_Rabat,2023,octobre,1,15,47,8,49,nan,nan,46
Station_Rabat,2023,octobre,2,nan,nan,10,nan,nan,9,10
Station_Rabat,2023,octobre,3,39,nan,nan,97,nan,5,20
Station_Rabat,2023,octobre,4,36,50,nan,nan,980,nan,23
Station_Rabat,2023,octobre,5,15,nan,nan,nan,1039,0,33
Station_Rabat,2023,octobre,6,nan,nan,nan,38,1036,nan,11
Station_Rabat,2023,octobre,7,28,28,nan,nan,nan,7,36
Station_Rabat,2023,octobre,8,nan,nan,11,11,nan,3,30
Station_Rabat,2023,octobre,9,nan,55,8,87,nan,nan,23
Station_Rabat,2023,octobre,10,nan,88,nan,28,1009,2,41
Station_Rabat,2023,octobre,11,25,nan,6,nan,nan,nan,33
Station_Rabat,2023,octobre,12,40,19,nan,3,nan,nan,23
Station_Rabat,2023,octobre,13,9,nan,nan,nan,1000,nan,13
Station_Rabat,2023,octobre,14,7,3,nan,nan,1028,nan,16
Station_Rabat,2023,octobre,15,nan,nan,nan,48,nan,8,10
Station_Rabat,2023,octobre,16,nan,nan,18,nan,nan,11,2
Station_Rabat,2023,octobre,17,39,nan,nan,nan,1020,nan,20
Station_Rabat,2023,octobre,18,nan,0,11,nan,1030,nan,11
Station_Rabat,2023,octobre,19,14,nan,16,4,nan,0,45
Station_Rabat,2023,octobre,20,nan,49,nan,25,nan,0,45
Station_Rabat,2023,octobre,21,nan,nan,nan,nan,nan,7,8
Station_Rabat,2023,octobre,22,16,99,nan,41,1028,nan,34
Station_Rabat,2023,octobre,23,nan,nan,nan,nan,nan,9,2
Station_Rabat,2023,octobre,24,nan,nan,nan,22,nan,nan,15
Station_Rabat,2023,octobre,25,39,27,nan,nan,1033,nan,16
Station_Rabat,2023,octobre,26,nan,34,15,nan,980,10,13
Station_Rabat,2023,octobre,27,14,nan,20,nan,nan,3,30
Station_Rabat,2023,octobre,28,11,nan,16,84,994,10,20
Station_Rabat,2023,octobre,29,nan,40,nan,46,nan,nan,23
Station_Rabat,2023,octobre,30,nan,54,nan,72,1001,nan,23
Station_Rabat,2023,octobre,31,nan,73,nan,75,1008,nan,16
Station_Rabat,2023,novembre,1,3,nan,0,21,nan,1,50
Station_Rabat,2023,novembre,2,nan,nan,4,nan,nan,11,10
Station_Rabat,2023,novembre,3,39,59,nan,72,nan,2,35
Station_Rabat,2023,novembre,4,31,nan,nan,16,1021,nan,45
Station_Rabat,2023,novembre,5,29,89,20,nan,nan,10,20
Station_Rabat,2023,novembre,6,nan,nan,20,42,nan,8,10
Station_Rabat,2023,novembre,7,nan,nan,nan,nan,nan,5,15
Station_Rabat,2023,novembre,8,24,36,9,nan,nan,6,49
Station_Rabat,2023,novembre,9,25,39,15,38,1017,nan,56
Station_Rabat,2023,novembre,10,nan,49,nan,32,nan,nan,23
Station_Rabat,2023,novembre,11,22,nan,nan,4,997,nan,43
Station_Rabat,2023,novembre,12,29,nan,20,17,994,nan,33
Station_Rabat,2023,novembre,13,23,nan,5,nan,nan,7,41
Station_Rabat,2023,novembre,14,13,nan,2,78,1038,9,35
Station_Rabat,2023,novembre,15,22,52,7,42,1035,nan,64
Station_Rabat,2023,novembre,16,19,nan,nan,nan,nan,11,27
Station_Rabat,2023,novembre,17,17,nan,18,52,nan,nan,23
Station_Rabat,2023,novembre,18,3,64,4,nan,1016,nan,43
Station_Rabat,2023,novembre,19,nan,1,nan,nan,987,0,21
Station_Rabat,2023,novembre,20,20,66,6,80,1003,nan,56
Station_Rabat,2023,novembre,21,nan,nan,1,35,1034,nan,31
Station_Rabat,2023,novembre,22,nan,nan,nan,94,nan,nan,0
Station_Rabat,2023,novembre,23,29,50,16,24,1017,10,62
Station_Rabat,2023,novembre,24,0,nan,2,90,1015,3,50
Station_Rabat,2023,novembre,25,20,nan,nan,28,nan,nan,40
Station_Rabat,2023,novembre,26,12,nan,nan,24,1009,2,53
Station_Rabat,2023,novembre,27,nan,nan,0,29,1025,8,47
Station_Rabat,2023,novembre,28,nan,4,4,nan,nan,10,13
Station_Rabat,2023,novembre,29,28,8,nan,4,993,nan,46
Station_Rabat,2023,novembre,30,14,nan,5,54,nan,7,39
Station_Rabat,2023,decembre,1,nan,nan,nan,nan,nan,nan,0
Station_Rabat,2023,decembre,2,21,nan,nan,nan,nan,3,40
Station_Rabat,2023,decembre,3,26,nan,3,100,nan,7,41
Station_Rabat,2023,decembre,4,9,78,nan,nan,991,10,18
Station_Rabat,2023,decembre,5,nan,nan,7,nan,nan,3,23
Station_Rabat,2023,decembre,6,nan,16,nan,nan,985,nan,6
Station_Rabat,2023,decembre,7,nan,nan,nan,56,1038,10,13
Station_Rabat,2023,decembre,8,6,82,10,nan,nan,nan,16
Station_Rabat,2023,decembre,9,24,nan,17,19,nan,nan,40
Station_Rabat,2023,decembre,10,nan,nan,18,49,1028,11,18
Station_Rabat,2023,decembre,11,nan,31,nan,nan,nan,nan,8
Station_Rabat,2023,decembre,12,nan,nan,16,nan,995,11,5
Station_Rabat,2023,decembre,13,nan,nan,nan,62,nan,nan,0
Station_Rabat,2023,decembre,14,nan,nan,18,88,991,nan,3
Station_Rabat,2023,decembre,15,nan,nan,4,49,nan,8,18
Station_Rabat,2023,decembre,16,nan,2,nan,nan,nan,6,11
Station_Rabat,2023,decembre,17,16,nan,nan,25,998,nan,33
Station_Rabat,2023,decembre,18,19,65,0,nan,nan,0,70
Station_Rabat,2023,decembre,19,39,98,2,24,1011,nan,53
Station_Rabat,2023,decembre,20,25,nan,5,nan,nan,7,41
Station_Rabat,2023,decembre,21,30,nan,nan,2,985,nan,33
Station_Rabat,2023,decembre,22,nan,3,nan,19,nan,5,33
Station_Rabat,2023,decembre,23,nan,19,10,29,995,nan,29
Station_Rabat,2023,decembre,24,nan,79,nan,55,984,10,21
Station_Rabat,2023,decembre,25,nan,82,nan,nan,nan,0,18
Station_Rabat,2023,decembre,26,nan,nan,nan,nan,nan,1,15
Station_Rabat,2023,decembre,27,nan,91,nan,55,1014,6,34
Station_Rabat,2023,decembre,28,nan,nan,16,nan,1004,nan,8
Station_Rabat,2023,decembre,29,nan,nan,18,56,995,8,13
Station_Rabat,2023,decembre,30,24,36,nan,76,nan,3,48
Station_Rabat,2023,decembre,31,nan,nan,nan,nan,nan,0,15
Station_Rabat,2024,janvier,1,nan,nan,19,nan,nan,4,15
Station_Rabat,2024,janvier,2,nan,11,19,19,1017,nan,33
Station_Rabat,2024,janvier,3,nan,nan,nan,55,nan,nan,8
Station_Rabat,2024,janvier,4,nan,0,nan,69,992,nan,6
Station_Rabat,2024,janvier,5,0,nan,nan,nan,nan,nan,5
Station_Rabat,2024,janvier,6,nan,nan,nan,7,1005,2,38
Station_Rabat,2024,janvier,7,nan,nan,nan,64,nan,3,15
Station_Rabat,2024,janvier,8,nan,64,nan,80,991,nan,18
Station_Rabat,2024,janvier,9,15,70,nan,nan,nan,nan,30
Station_Rabat,2024,janvier,10,nan,nan,nan,nan,1013,nan,15
Station_Rabat,2024,janvier,11,25,63,nan,54,nan,nan,48
Station_Rabat,2024,janvier,12,nan,nan,nan,59,nan,nan,8
Station_Rabat,2024,janvier,13,22,nan,17,44,nan,nan,33
Station_Rabat,2024,janvier,14,25,47,17,nan,1019,nan,55
Station_Rabat,2024,janvier,15,8,nan,nan,43,994,10,18
Station_Rabat,2024,janvier,16,nan,97,nan,nan,1008,10,13
Station_Rabat,2024,janvier,17,9,54,2,73,nan,nan,35
Station_Rabat,2024,janvier,18,35,39,8,87,1005,nan,29
Station_Rabat,2024,janvier,19,38,14,nan,36,1013,3,46
Station_Rabat,2024,janvier,20,nan,48,nan,33,nan,nan,23
Station_Rabat,2024,janvier,21,40,1,nan,nan,nan,nan,8
Station_Rabat,2024,janvier,22,25,nan,nan,34,nan,nan,33
Station_Rabat,2024,janvier,23,nan,nan,10,nan,1019,nan,23
Station_Rabat,2024,janvier,24,35,nan,nan,57,nan,nan,13
Station_Rabat,2024,janvier,25,nan,86,12,13,nan,0,33
Station_Rabat,2024,janvier,26,24,12,nan,56,1007,nan,44
Station_Rabat,2024,janvier,27,32,nan,nan,67,990,nan,18
Station_Rabat,2024,janvier,28,nan,nan,13,nan,nan,4,15
Station_Rabat,2024,janvier,29,19,nan,12,35,1007,nan,41
Station_Rabat,2024,janvier,30,nan,nan,nan,41,1019,nan,23
Station_Rabat,2024,janvier,31,20,nan,nan,nan,nan,3,40
Station_Rabat,2024,fevrier,1,nan,33,9,49,1014,10,41
Station_Rabat,2024,fevrier,2,nan,76,nan,nan,nan,nan,8
Station_Rabat,2024,fevrier,3,nan,17,10,nan,nan,nan,11
Station_Rabat,2024,fevrier,4,nan,nan,nan,91,nan,10,2
Station_Rabat,2024,fevrier,5,nan,54,nan,79,1015,11,32
Station_Rabat,2024,fevrier,6,35,nan,18,21,988,1,38
Station_Rabat,2024,fevrier,7,7,62,nan,nan,983,nan,23
Station_Rabat,2024,fevrier,8,23,nan,8,58,997,3,59
Station_Rabat,2024,fevrier,9,nan,nan,9,67,987,1,26
Station_Rabat,2024,fevrier,10,37,89,6,nan,982,3,34
Station_Rabat,2024,fevrier,11,nan,nan,nan,nan,nan,nan,0
Station_Rabat,2024,fevrier,12,nan,nan,16,nan,nan,nan,0
Station_Rabat,2024,fevrier,13,30,nan,9,23,nan,nan,38
Station_Rabat,2024,fevrier,14,7,88,13,nan,1039,nan,11
Station_Rabat,2024,fevrier,15,nan,nan,11,87,992,4,18
Station_Rabat,2024,fevrier,16,nan,94,14,20,nan,nan,18
Station_Rabat,2024,fevrier,17,13,17,12,33,nan,nan,26
Station_Rabat,2024,fevrier,18,nan,68,nan,nan,nan,10,17
Station_Rabat,2024,fevrier,19,nan,nan,17,84,1037,2,18
Station_Rabat,2024,fevrier,20,24,94,19,74,nan,8,30
Station_Rabat,2024,fevrier,21,31,81,nan,nan,nan,nan,18
Station_Rabat,2024,fevrier,22,4,95,nan,17,nan,10,25
Station_Rabat,2024,fevrier,23,5,1,18,33,nan,nan,16
Station_Rabat,2024,fevrier,24,27,nan,16,nan,nan,nan,25
Station_Rabat,2024,fevrier,25,nan,26,nan,nan,nan,9,5
Station_Rabat,2024,fevrier,26,nan,35,nan,nan,nan,7,16
Station_Rabat,2024,fevrier,27,nan,47,4,nan,994,1,41
Station_Rabat,2024,fevrier,28,nan,96,0,nan,1023,nan,33
Station_Rabat,2024,fevrier,29,nan,nan,nan,nan,1034,nan,8
Station_Rabat,2024,mars,1,20,nan,nan,nan,1024,nan,40
Station_Rabat,2024,mars,2,nan,5,nan,17,993,3,36
Station_Rabat,2024,mars,3,4,89,6,96,988,nan,19
Station_Rabat,2024,mars,4,22,nan,6,nan,nan,10,35
Station_Rabat,2024,mars,5,34,96,2,81,nan,1,38
Station_Rabat,2024,mars,6,24,30,nan,45,nan,1,56
Station_Rabat,2024,mars,7,nan,nan,nan,60,991,nan,11
Station_Rabat,2024,mars,8,34,98,nan,nan,nan,nan,8
Station_Rabat,2024,mars,9,24,nan,nan,nan,1019,nan,40
Station_Rabat,2024,mars,10,21,52,1,nan,nan,2,70
Station_Rabat,2024,mars,11,nan,nan,15,26,nan,4,30
Station_Rabat,2024,mars,12,17,nan,18,nan,1016,nan,30
Station_Rabat,2024,mars,13,26,51,nan,nan,991,9,45
Station_Rabat,2024,mars,14,17,96,nan,98,1014,2,48
Station_Rabat,2024,mars,15,7,nan,0,nan,nan,6,28
Station_Rabat,2024,mars,16,nan,nan,nan,64,993,7,11
Station_Rabat,2024,mars,17,nan,nan,6,36,nan,nan,16
Station_Rabat,2024,mars,18,nan,nan,nan,nan,1012,nan,15
Station_Rabat,2024,mars,19,nan,nan,11,nan,982,nan,3
Station_Rabat,2024,mars,20,nan,nan,20,57,nan,4,23
Station_Rabat,2024,mars,21,nan,7,18,nan,990,nan,6
Station_Rabat,2024,mars,22,nan,7,19,nan,989,8,8
Station_Rabat,2024,mars,23,1,19,8,nan,991,1,34
Station_Rabat,2024,mars,24,nan,23,0,nan,991,nan,21
Station_Rabat,2024,mars,25,nan,nan,9,67,986,nan,11
Station_Rabat,2024,mars,26,nan,19,nan,nan,nan,0,18
Station_Rabat,2024,mars,27,15,nan,2,25,nan,0,60
Station_Rabat,2024,mars,28,29,77,nan,12,nan,nan,38
Station_Rabat,2024,mars,29,1,27,nan,nan,1021,nan,23
Station_Rabat,2024,mars,30,nan,26,nan,95,nan,10,5
Station_Rabat,2024,mars,31,nan,nan,0,40,1027,1,46
Station_Rabat,2024,avril,1,nan,nan,nan,58,nan,nan,8
Station_Rabat,2024,avril,2,nan,97,nan,23,nan,10,20
Station_Rabat,2024,avril,3,nan,nan,6,nan,nan,9,10
Station_Rabat,2024,avril,4,19,nan,nan,nan,1006,nan,33
Station_Rabat,2024,avril,5,nan,60,2,77,nan,nan,30
Station_Rabat,2024,avril,6,17,88,18,14,nan,nan,33
Station_Rabat,2024,avril,7,nan,nan,5,69,1028,11,18
Station_Rabat,2024,avril,8,16,71,16,nan,1009,nan,31
Station_Rabat,2024,avril,9,32,39,nan,nan,nan,nan,23
Station_Rabat,2024,avril,10,nan,62,nan,10,nan,0,45
Station_Rabat,2024,avril,11,nan,nan,6,29,1014,8,40
Station_Rabat,2024,avril,12,17,nan,nan,73,1000,nan,23
Station_Rabat,2024,avril,13,nan,nan,nan,95,nan,0,15
Station_Rabat,2024,avril,14,nan,nan,nan,nan,1015,3,30
Station_Rabat,2024,avril,15,25,nan,nan,nan,987,1,43
Station_Rabat,2024,avril,16,nan,nan,nan,nan,1023,3,30
Station_Rabat,2024,avril,17,37,nan,nan,69,nan,8,7
Station_Rabat,2024,avril,18,30,nan,nan,2,nan,3,45
Station_Rabat,2024,avril,19,nan,nan,nan,nan,nan,10,2
Station_Rabat,2024,avril,20,16,nan,18,nan,992,nan,18
Station_Rabat,2024,avril,21,4,26,7,52,981,5,42
Station_Rabat,2024,avril,22,36,36,12,nan,nan,nan,13
Station_Rabat,2024,avril,23,nan,nan,nan,nan,nan,nan,0
Station_Rabat,2024,avril,24,32,76,nan,nan,982,nan,26
Station_Rabat,2024,avril,25,31,88,4,29,nan,6,49
Station_Rabat,2024,avril,26,nan,44,nan,nan,nan,nan,15
Station_Rabat,2024,avril,27,35,nan,nan,nan,1030,nan,13
Station_Rabat,2024,avril,28,18,nan,1,nan,nan,4,55
Station_Rabat,2024,avril,29,nan,nan,nan,nan,nan,nan,0
Station_Rabat,2024,avril,30,nan,16,2,nan,981,8,23
Station_Rabat,2024,mai,1,0,94,13,28,999,nan,26
Station_Rabat,2024,mai,2,nan,18,nan,81,nan,nan,3
Station_Rabat,2024,mai,3,nan,0,nan,93,nan,nan,3
Station_Rabat,2024,mai,4,22,10,nan,20,nan,nan,43
Station_Rabat,2024,mai,5,nan,50,0,53,1039,11,43
Station_Rabat,2024,mai,6,nan,nan,19,52,1012,9,25
Station_Rabat,2024,mai,7,30,nan,nan,nan,nan,0,30
Station_Rabat,2024,mai,8,6,64,nan,nan,1000,3,43
Station_Rabat,2024,mai,9,3,92,nan,nan,985,10,13
Station_Rabat,2024,mai,10,16,20,nan,2,1022,nan,48
Station_Rabat,2024,mai,11,nan,85,nan,nan,nan,0,18
Station_Rabat,2024,mai,12,14,28,18,nan,nan,8,20
Station_Rabat,2024,mai,13,37,nan,12,nan,nan,nan,5
Station_Rabat,2024,mai,14,nan,20,nan,84,nan,nan,3
Station_Rabat,2024,mai,15,7,6,19,nan,nan,1,23
Station_Rabat,2024,mai,16,nan,nan,nan,13,nan,nan,15
Station_Rabat,2024,mai,17,nan,nan,9,nan,986,nan,11
Station_Rabat,2024,mai,18,37,97,nan,80,nan,nan,8
Station_Rabat,2024,mai,19,32,12,20,67,1035,nan,26
Station_Rabat,2024,mai,20,nan,56,7,nan,nan,0,38
Station_Rabat,2024,mai,21,10,nan,nan,99,nan,nan,15
Station_Rabat,2024,mai,22,nan,nan,nan,nan,1029,nan,8
Station_Rabat,2024,mai,23,12,32,nan,nan,1011,nan,38
Station_Rabat,2024,mai,24,28,nan,nan,nan,1023,5,55
Station_Rabat,2024,mai,25,nan,nan,20,85,nan,3,15
Station_Rabat,2024,mai,26,nan,15,nan,49,1015,7,34
Station_Rabat,2024,mai,27,25,2,14,8,nan,3,58
Station_Rabat,2024,mai,28,nan,nan,3,nan,nan,0,23
Station_Rabat,2024,mai,29,nan,25,1,nan,nan,nan,18
Station_Rabat,2024,mai,30,nan,nan,9,nan,nan,0,23
Station_Rabat,2024,mai,31,6,nan,0,nan,nan,nan,20
Station_Rabat,2024,juin,1,24,92,17,89,nan,3,43
Station_Rabat,2024,juin,2,14,nan,nan,nan,nan,4,30
Station_Rabat,2024,juin,3,26,nan,15,15,nan,8,42
Station_Rabat,2024,juin,4,nan,nan,14,nan,nan,9,2
Station_Rabat,2024,juin,5,36,nan,10,nan,nan,10,15
Station_Rabat,2024,juin,6,nan,93,nan,37,1007,4,34
Station_Rabat,2024,juin,7,29,nan,nan,nan,981,nan,18
Station_Rabat,2024,juin,8,32,15,12,96,nan,nan,18
Station_Rabat,2024,juin,9,nan,62,nan,nan,nan,7,23
Station_Rabat,2024,juin,10,4,64,nan,nan,nan,5,35
Station_Rabat,2024,juin,11,25,18,5,5,1006,nan,59
Station_Rabat,2024,juin,12,0,83,nan,nan,nan,nan,8
Station_Rabat,2024,juin,13,35,60,4,nan,993,11,33
Station_Rabat,2024,juin,14,nan,nan,8,nan,nan,11,10
Station_Rabat,2024,juin,15,nan,nan,nan,nan,nan,9,2
Station_Rabat,2024,juin,16,5,76,13,nan,nan,10,15
Station_Rabat,2024,juin,17,26,7,16,63,1002,2,51
Station_Rabat,2024,juin,18,nan,30,nan,nan,1035,nan,16
Station_Rabat,2024,juin,19,nan,nan,nan,nan,nan,nan,0
Station_Rabat,2024,juin,20,29,83,nan,nan,nan,0,33
Station_Rabat,2024,juin,21,10,14,8,nan,982,nan,29
Station_Rabat,2024,juin,22,nan,nan,nan,23,nan,1,30
Station_Rabat,2024,juin,23,11,34,nan,nan,nan,7,31
Station_Rabat,2024,juin,24,nan,10,6,nan,1036,nan,14
Station_Rabat,2024,juin,25,2,nan,nan,52,991,4,31
Station_Rabat,2024,juin,26,nan,14,5,100,nan,nan,11
Station_Rabat,2024,juin,27,nan,nan,12,nan,990,9,5
Station_Rabat,2024,juin,28,nan,nan,4,nan,1028,nan,16
Station_Rabat,2024,juin,29,nan,nan,nan,38,nan,6,16
Station_Rabat,2024,juin,30,28,82,5,21,nan,9,53
Station_Rabat,2024,juillet,1,16,2,0,nan,1006,5,56
Station_Rabat,2024,juillet,2,nan,nan,nan,nan,nan,1,15
Station_Rabat,2024,juillet,3,nan,nan,8,nan,nan,nan,8
Station_Rabat,2024,juillet,4,nan,nan,nan,nan,nan,nan,0
Station_Rabat,2024,juillet,5,23,nan,nan,43,nan,3,48
Station_Rabat,2024,juillet,6,37,nan,nan,nan,nan,nan,5
Station_Rabat,2024,juillet,7,nan,75,nan,nan,nan,nan,8
Station_Rabat,2024,juillet,8,17,nan,nan,56,1028,nan,31
Station_Rabat,2024,juillet,9,nan,nan,15,nan,1010,4,30
Station_Rabat,2024,juillet,10,nan,nan,nan,76,nan,nan,0
Station_Rabat,2024,juillet,11,28,nan,nan,23,nan,nan,40
Station_Rabat,2024,juillet,12,6,nan,nan,54,1010,2,43
Station_Rabat,2024,juillet,13,16,nan,0,15,nan,nan,45
Station_Rabat,2024,juillet,14,nan,84,nan,nan,nan,nan,3
Station_Rabat,2024,juillet,15,4,nan,10,1,986,nan,31
Station_Rabat,2024,juillet,16,nan,nan,1,62,nan,4,30
Station_Rabat,2024,juillet,17,nan,47,nan,nan,1025,10,32
Station_Rabat,2024,juillet,18,nan,nan,0,98,nan,6,23
Station_Rabat,2024,juillet,19,40,nan,nan,nan,1017,nan,20
Station_Rabat,2024,juillet,20,nan,21,14,55,983,10,16
Station_Rabat,2024,juillet,21,nan,nan,10,90,988,nan,11
Station_Rabat,2024,juillet,22,32,50,nan,46,nan,10,40
Station_Rabat,2024,juillet,23,nan,100,nan,nan,1035,nan,11
Station_Rabat,2024,juillet,24,nan,45,5,nan,1015,3,53
Station_Rabat,2024,juillet,25,nan,nan,nan,nan,nan,nan,0
Station_Rabat,2024,juillet,26,0,nan,nan,17,nan,4,35
Station_Rabat,2024,juillet,27,3,nan,nan,61,nan,nan,5
Station_Rabat,2024,juillet,28,nan,nan,nan,31,nan,nan,8
Station_Rabat,2024,juillet,29,nan,38,nan,nan,nan,nan,8
Station_Rabat,2024,juillet,30,nan,nan,14,nan,1000,4,23
Station_Rabat,2024,juillet,31,7,7,nan,50,993,nan,19
Station_Rabat,2024,aout,1,36,29,nan,34,985,nan,19
Station_Rabat,2024,aout,2,nan,nan,nan,1,nan,6,23
Station_Rabat,2024,aout,3,nan,nan,12,35,nan,nan,8
Station_Rabat,2024,aout,4,29,84,16,61,nan,nan,18
Station_Rabat,2024,aout,5,16,nan,8,8,1000,1,61
Station_Rabat,2024,aout,6,nan,nan,5,nan,nan,nan,8
Station_Rabat,2024,aout,7,28,34,2,nan,997,6,59
Station_Rabat,2024,aout,8,12,73,nan,21,1035,8,48
Station_Rabat,2024,aout,9,14,nan,nan,35,nan,8,25
Station_Rabat,2024,aout,10,nan,nan,0,29,1020,7,53
Station_Rabat,2024,aout,11,nan,50,7,nan,nan,nan,23
Station_Rabat,2024,aout,12,nan,33,1,62,nan,nan,23
Station_Rabat,2024,aout,13,29,nan,nan,50,985,10,28
Station_Rabat,2024,aout,14,26,53,4,nan,nan,5,63
Station_Rabat,2024,aout,15,5,nan,nan,57,nan,nan,13
Station_Rabat,2024,aout,16,0,nan,14,2,995,6,31
Station_Rabat,2024,aout,17,2,nan,7,34,nan,nan,21
Station_Rabat,2024,aout,18,25,82,nan,51,nan,nan,36
Station_Rabat,2024,aout,19,nan,53,15,nan,nan,8,17
Station_Rabat,2024,aout,20,32,nan,16,nan,1004,3,38
Station_Rabat,2024,aout,21,13,nan,16,nan,1027,10,25
Station_Rabat,2024,aout,22,1,nan,nan,88,983,10,10
Station_Rabat,2024,aout,23,4,87,0,nan,nan,1,38
Station_Rabat,2024,aout,24,nan,nan,nan,nan,nan,nan,0
Station_Rabat,2024,aout,25,nan,53,nan,nan,nan,8,17
Station_Rabat,2024,aout,26,19,21,18,nan,nan,nan,28
Station_Rabat,2024,aout,27,20,nan,3,45,nan,nan,41
Station_Rabat,2024,aout,28,4,68,nan,47,nan,nan,28
Station_Rabat,2024,aout,29,35,nan,nan,nan,nan,6,13
Station_Rabat,2024,aout,30,nan,49,20,nan,nan,nan,15
Station_Rabat,2024,aout,31,6,83,nan,nan,nan,3,23
Station_Rabat,2024,septembre,1,nan,nan,nan,52,982,nan,11
Station_Rabat,2024,septembre,2,nan,nan,nan,nan,nan,9,2
Station_Rabat,2024,septembre,3,nan,83,9,nan,nan,nan,11
Station_Rabat,2024,septembre,4,33,nan,20,80,nan,nan,5
Station_Rabat,2024,septembre,5,nan,92,nan,60,nan,nan,11
Station_Rabat,2024,septembre,6,nan,nan,nan,nan,nan,nan,0
Station_Rabat,2024,septembre,7,16,nan,10,nan,1021,5,53
Station_Rabat,2024,septembre,8,nan,nan,nan,nan,1022,3,30
Station_Rabat,2024,septembre,9,nan,nan,nan,58,nan,2,23
Station_Rabat,2024,septembre,10,36,nan,7,83,nan,nan,13
Station_Rabat,2024,septembre,11,24,17,1,nan,1024,nan,58
Station_Rabat,2024,septembre,12,34,47,nan,51,nan,1,43
Station_Rabat,2024,septembre,13,36,nan,16,35,nan,nan,13
Station_Rabat,2024,septembre,14,14,4,12,77,nan,2,33
Station_Rabat,2024,septembre,15,37,72,nan,nan,1040,2,31
Station_Rabat,2024,septembre,16,nan,nan,0,53,984,9,28
Station_Rabat,2024,septembre,17,nan,44,nan,nan,993,8,20
Station_Rabat,2024,septembre,18,25,90,nan,47,980,nan,39
Station_Rabat,2024,septembre,19,nan,6,nan,12,nan,nan,18
Station_Rabat,2024,septembre,20,nan,nan,nan,8,nan,10,17
Station_Rabat,2024,septembre,21,nan,nan,nan,4,nan,3,30
Station_Rabat,2024,septembre,22,nan,26,nan,81,nan,9,5
Station_Rabat,2024,septembre,23,20,nan,4,1,nan,nan,48
Station_Rabat,2024,septembre,24,14,nan,18,54,nan,9,25
Station_Rabat,2024,septembre,25,35,nan,20,nan,nan,1,20
Station_Rabat,2024,septembre,26,nan,nan,14,nan,1039,9,5
Station_Rabat,2024,septembre,27,nan,96,0,31,1011,nan,41
Station_Rabat,2024,septembre,28,nan,nan,15,nan,nan,7,8
Station_Rabat,2024,septembre,29,nan,nan,2,nan,994,nan,18
Station_Rabat,2024,septembre,30,nan,88,nan,nan,1013,nan,18
Station_Rabat,2024,octobre,1,nan,24,5,39,1034,nan,27
Station_Rabat,2024,octobre,2,17,nan,14,nan,nan,0,30
Station_Rabat,2024,octobre,3,26,nan,nan,88,985,nan,28
Station_Rabat,2024,octobre,4,10,10,11,24,nan,8,35
Station_Rabat,2024,octobre,5,nan,44,nan,nan,1000,4,38
Station_Rabat,2024,octobre,6,39,85,nan,nan,1021,nan,23
Station_Rabat,2024,octobre,7,3,nan,0,40,987,nan,31
Station_Rabat,2024,octobre,8,nan,nan,nan,nan,1017,nan,15
Station_Rabat,2024,octobre,9,nan,65,17,87,nan,10,17
Station_Rabat,2024,octobre,10,nan,19,nan,77,985,4,21
Station_Rabat,2024,octobre,11,nan,nan,10,nan,nan,9,10
Station_Rabat,2024,octobre,12,19,nan,13,5,nan,nan,40
Station_Rabat,2024,octobre,13,nan,69,nan,nan,nan,6,23
Station_Rabat,2024,octobre,14,nan,42,17,nan,nan,nan,15
Station_Rabat,2024,octobre,15,nan,14,1,nan,nan,nan,18
Station_Rabat,2024,octobre,16,38,nan,15,34,1025,4,43
Station_Rabat,2024,octobre,17,nan,nan,2,nan,998,nan,18
Station_Rabat,2024,octobre,18,39,nan,18,53,1031,nan,21
Station_Rabat,2024,octobre,19,nan,31,18,0,nan,2,38
Station_Rabat,2024,octobre,20,4,nan,11,71,nan,6,13
Station_Rabat,2024,octobre,21,3,6,nan,50,995,0,34
Station_Rabat,2024,octobre,22,nan,nan,20,nan,nan,nan,0
Station_Rabat,2024,octobre,23,nan,nan,nan,nan,nan,2,15
Station_Rabat,2024,octobre,24,nan,77,nan,nan,1029,5,31
Station_Rabat,2024,octobre,25,38,nan,nan,nan,983,nan,8
Station_Rabat,2024,octobre,26,29,63,10,nan,982,4,56
Station_Rabat,2024,octobre,27,18,nan,nan,nan,1025,5,55
Station_Rabat,2024,octobre,28,nan,36,10,nan,nan,9,18
Station_Rabat,2024,octobre,29,nan,63,1,89,nan,3,45
Station_Rabat,2024,octobre,30,6,17,17,3,980,nan,26
Station_Rabat,2024,octobre,31,26,nan,6,8,1012,nan,63
Station_Rabat,2024,novembre,1,nan,nan,2,nan,1007,1,38
Station_Rabat,2024,novembre,2,nan,44,nan,nan,991,nan,18
Station_Rabat,2024,novembre,3,nan,75,9,72,983,4,34
Station_Rabat,2024,novembre,4,nan,87,nan,40,nan,10,13
Station_Rabat,2024,novembre,5,27,91,nan,54,nan,nan,36
Station_Rabat,2024,novembre,6,12,91,8,nan,1003,nan,34
Station_Rabat,2024,novembre,7,15,nan,17,nan,nan,nan,15
Station_Rabat,2024,novembre,8,nan,77,13,nan,nan,11,10
Station_Rabat,2024,novembre,9,nan,26,9,nan,nan,nan,11
Station_Rabat,2024,novembre,10,10,58,nan,nan,1008,nan,38
Station_Rabat,2024,novembre,11,14,nan,nan,nan,nan,nan,15
Station_Rabat,2024,novembre,12,4,nan,nan,66,nan,3,20
Station_Rabat,2024,novembre,13,nan,nan,nan,86,1001,1,23
Station_Rabat,2024,novembre,14,17,16,1,41,nan,nan,41
Station_Rabat,2024,novembre,15,nan,0,nan,nan,991,nan,6
Station_Rabat,2024,novembre,16,8,57,nan,nan,nan,6,28
Station_Rabat,2024,novembre,17,19,3,nan,71,nan,nan,28
Station_Rabat,2024,novembre,18,21,21,4,nan,1020,11,53
Station_Rabat,2024,novembre,19,nan,63,0,60,nan,6,46
Station_Rabat,2024,novembre,20,nan,nan,nan,nan,995,3,18
Station_Rabat,2024,novembre,21,40,33,2,73,997,9,33
Station_Rabat,2024,novembre,22,nan,nan,18,95,nan,4,15
Station_Rabat,2024,novembre,23,2,nan,nan,18,1029,nan,28
Station_Rabat,2024,novembre,24,nan,nan,18,nan,nan,nan,0
Station_Rabat,2024,novembre,25,6,78,17,29,nan,nan,28
Station_Rabat,2024,novembre,26,11,nan,nan,75,1040,nan,18
Station_Rabat,2024,novembre,27,nan,43,14,nan,nan,3,30
Station_Rabat,2024,novembre,28,33,7,17,8,nan,nan,23
Station_Rabat,2024,novembre,29,12,73,12,59,nan,10,33
Station_Rabat,2024,novembre,30,32,87,19,72,nan,0,33
Station_Rabat,2024,decembre,1,nan,nan,nan,nan,nan,6,8
Station_Rabat,2024,decembre,2,nan,12,10,40,1023,4,49
Station_Rabat,2024,decembre,3,31,41,11,nan,991,7,41
Station_Rabat,2024,decembre,4,nan,nan,12,43,nan,nan,8
Station_Rabat,2024,decembre,5,nan,53,11,nan,nan,4,30
Station_Rabat,2024,decembre,6,nan,98,nan,nan,992,8,8
Station_Rabat,2024,decembre,7,nan,40,nan,nan,995,nan,18
Station_Rabat,2024,decembre,8,39,nan,6,nan,982,nan,16
Station_Rabat,2024,decembre,9,nan,3,nan,nan,1017,nan,18
Station_Rabat,2024,decembre,10,38,76,18,17,nan,8,30
Station_Rabat,2024,decembre,11,nan,46,19,nan,999,0,33
Station_Rabat,2024,decembre,12,13,96,15,nan,1016,nan,33
Station_Rabat,2024,decembre,13,36,nan,nan,17,nan,11,22
Station_Rabat,2024,decembre,14,nan,nan,nan,nan,1001,nan,8
Station_Rabat,2024,decembre,15,nan,nan,nan,12,1022,7,38
Station_Rabat,2024,decembre,16,34,58,19,14,984,11,40
Station_Rabat,2024,decembre,17,nan,nan,nan,77,1030,11,10
Station_Rabat,2024,decembre,18,6,nan,nan,21,981,11,25
Station_Rabat,2024,decembre,19,39,21,13,nan,986,nan,11
Station_Rabat,2024,decembre,20,24,nan,nan,nan,nan,nan,25
Station_Rabat,2024,decembre,21,nan,48,10,nan,1039,nan,26
Station_Rabat,2024,decembre,22,8,nan,7,15,nan,nan,28
Station_Rabat,2024,decembre,23,14,nan,1,40,1035,0,61
Station_Rabat,2024,decembre,24,29,74,nan,80,1006,5,46
Station_Rabat,2024,decembre,25,nan,nan,nan,nan,nan,5,15
Station_Rabat,2024,decembre,26,nan,71,11,21,nan,8,25
Station_Rabat,2024,decembre,27,35,nan,nan,nan,1023,nan,20
Station_Rabat,2024,decembre,28,nan,75,nan,nan,1020,nan,23
Station_Rabat,2024,decembre,29,nan,19,nan,nan,nan,10,5
Station_Rabat,2024,decembre,30,0,nan,nan,nan,994,nan,8
Station_Rabat,2024,decembre,31,nan,28,16,84,1018,nan,18
Station_Rabat,2025,janvier,1,nan,53,10,65,nan,3,38
Station_Rabat,2025,janvier,2,22,1,nan,nan,nan,nan,28
Station_Rabat,2025,janvier,3,6,42,nan,87,nan,nan,20
Station_Rabat,2025,janvier,4,5,nan,16,90,nan,4,20
Station_Rabat,2025,janvier,5,nan,nan,nan,39,nan,nan,8
Station_Rabat,2025,janvier,6,nan,82,nan,51,987,10,16
Station_Rabat,2025,janvier,7,nan,nan,18,57,nan,nan,8
Station_Rabat,2025,janvier,8,40,99,11,65,996,7,19
Station_Rabat,2025,janvier,9,nan,98,13,nan,nan,2,18
Station_Rabat,2025,janvier,10,nan,97,nan,15,1017,5,48
Station_Rabat,2025,janvier,11,nan,84,nan,65,nan,nan,3
Station_Rabat,2025,janvier,12,nan,42,nan,nan,991,1,33
Station_Rabat,2025,janvier,13,nan,70,20,nan,1017,nan,30
Station_Rabat,2025,janvier,14,nan,38,12,90,nan,nan,8
Station_Rabat,2025,janvier,15,22,69,nan,80,nan,nan,40
Station_Rabat,2025,janvier,16,nan,nan,nan,nan,nan,10,2
Station_Rabat,2025,janvier,17,nan,100,8,nan,1025,nan,26
Station_Rabat,2025,janvier,18,31,nan,nan,68,nan,nan,15
Station_Rabat,2025,janvier,19,9,81,0,nan,nan,6,31
Station_Rabat,2025,janvier,20,28,15,13,nan,nan,5,43
Station_Rabat,2025,janvier,21,15,nan,nan,nan,nan,nan,15
Station_Rabat,2025,janvier,22,28,nan,13,nan,986,nan,28
Station_Rabat,2025,janvier,23,nan,81,8,15,nan,nan,26
Station_Rabat,2025,janvier,24,nan,99,2,38,1038,6,37
Station_Rabat,2025,janvier,25,8,nan,17,31,nan,nan,13
Station_Rabat,2025,janvier,26,4,94,19,nan,nan,7,16
Station_Rabat,2025,janvier,27,24,11,nan,nan,1039,nan,31
Station_Rabat,2025,janvier,28,21,nan,8,87,1036,nan,36
Station_Rabat,2025,janvier,29,nan,nan,9,nan,nan,4,23
Station_Rabat,2025,janvier,30,17,nan,11,nan,989,nan,18
Station_Rabat,2025,janvier,31,16,67,18,nan,nan,nan,30
Station_Rabat,2025,fevrier,1,37,nan,14,83,nan,nan,5
Station_Rabat,2025,fevrier,2,3,nan,nan,92,nan,nan,5
Station_Rabat,2025,fevrier,3,nan,nan,2,29,1010,nan,45
Station_Rabat,2025,fevrier,4,0,nan,17,nan,1019,10,22
Station_Rabat,2025,fevrier,5,27,16,nan,nan,989,nan,31
Station_Rabat,2025,fevrier,6,nan,47,nan,1,nan,nan,30
Station_Rabat,2025,fevrier,7,nan,64,10,nan,1023,nan,38
Station_Rabat,2025,fevrier,8,nan,12,nan,51,nan,1,26
Station_Rabat,2025,fevrier,9,4,nan,nan,51,nan,nan,13
Station_Rabat,2025,fevrier,10,nan,17,nan,nan,nan,nan,3
Station_Rabat,2025,fevrier,11,3,nan,nan,nan,nan,nan,5
Station_Rabat,2025,fevrier,12,16,nan,nan,nan,nan,nan,15
Station_Rabat,2025,fevrier,13,33,nan,nan,93,1001,10,15
Station_Rabat,2025,fevrier,14,nan,27,5,38,1019,nan,34
Station_Rabat,2025,fevrier,15,11,74,nan,nan,nan,11,25
Station_Rabat,2025,fevrier,16,15,96,20,nan,997,2,36
Station_Rabat,2025,fevrier,17,14,nan,nan,49,1003,nan,31
Station_Rabat,2025,fevrier,18,17,97,5,nan,nan,9,28
Station_Rabat,2025,fevrier,19,26,13,15,nan,1005,2,51
Station_Rabat,2025,fevrier,20,28,97,13,nan,nan,8,30
Station_Rabat,2025,fevrier,21,8,nan,4,25,nan,nan,28
Station_Rabat,2025,fevrier,22,21,nan,20,82,nan,nan,25
Station_Rabat,2025,fevrier,23,20,27,13,64,nan,nan,28
Station_Rabat,2025,fevrier,24,nan,37,nan,nan,nan,nan,8
Station_Rabat,2025,fevrier,25,nan,12,nan,88,nan,nan,3
Station_Rabat,2025,fevrier,26,nan,nan,nan,nan,nan,1,15
Station_Rabat,2025,fevrier,27,34,nan,nan,49,nan,nan,13
Station_Rabat,2025,fevrier,28,7,nan,18,100,nan,5,20
Station_Rabat,2025,fevrier,29,nan,49,11,nan,nan,nan,15
Station_Rabat,2025,mars,1,37,nan,12,nan,nan,2,20
Station_Rabat,2025,mars,2,24,72,2,nan,nan,3,63
Station_Rabat,2025,mars,3,nan,nan,nan,21,nan,1,30
Station_Rabat,2025,mars,4,15,nan,nan,nan,997,3,33
Station_Rabat,2025,mars,5,26,nan,nan,nan,1032,nan,33
Station_Rabat,2025,mars,6,4,nan,nan,nan,986,0,23
Station_Rabat,2025,mars,7,nan,nan,1,nan,nan,2,30
Station_Rabat,2025,mars,8,nan,nan,nan,31,nan,3,23
Station_Rabat,2025,mars,9,32,38,nan,26,nan,nan,38
Station_Rabat,2025,mars,10,nan,nan,6,nan,1000,nan,16
Station_Rabat,2025,mars,11,nan,nan,3,nan,999,nan,11
Station_Rabat,2025,mars,12,nan,nan,nan,68,1034,nan,8
Station_Rabat,2025,mars,13,nan,nan,13,65,1011,4,30
Station_Rabat,2025,mars,14,nan,nan,1,nan,1022,1,45
Station_Rabat,2025,mars,15,nan,nan,3,nan,nan,1,23
Station_Rabat,2025,mars,16,13,6,19,nan,nan,6,26
Station_Rabat,2025,mars,17,22,21,5,94,nan,nan,36
Station_Rabat,2025,mars,18,40,36,2,74,1013,6,51
Station_Rabat,2025,mars,19,38,nan,nan,nan,1017,6,28
Station_Rabat,2025,mars,20,22,26,11,nan,nan,nan,28
Station_Rabat,2025,mars,21,24,17,12,3,nan,nan,43
Station_Rabat,2025,mars,22,nan,37,nan,0,1012,2,53
Station_Rabat,2025,mars,23,2,nan,nan,81,nan,10,7
Station_Rabat,2025,mars,24,6,nan,0,nan,nan,1,35
Station_Rabat,2025,mars,25,nan,nan,nan,nan,nan,nan,0
Station_Rabat,2025,mars,26,34,60,nan,45,nan,nan,28
Station_Rabat,2025,mars,27,2,nan,7,nan,nan,3,28
Station_Rabat,2025,mars,28,1,24,nan,nan,nan,6,16
Station_Rabat,2025,mars,29,7,nan,19,nan,nan,nan,5
Station_Rabat,2025,mars,30,nan,nan,19,91,995,1,18
Station_Rabat,2025,mars,31,nan,83,9,71,1031,nan,19
Station_Rabat,2025,avril,1,nan,nan,nan,2,994,nan,18
Station_Rabat,2025,avril,2,14,nan,nan,28,nan,11,32
Station_Rabat,2025,avril,3,nan,40,17,44,1030,9,33
Station_Rabat,2025,avril,4,1,nan,13,nan,1024,nan,20
Station_Rabat,2025,avril,5,33,1,nan,49,1006,nan,24
Station_Rabat,2025,avril,6,28,47,nan,51,989,nan,51
Station_Rabat,2025,avril,7,14,nan,nan,17,nan,8,32
Station_Rabat,2025,avril,8,12,92,nan,81,998,4,36
Station_Rabat,2025,avril,9,nan,nan,17,nan,nan,nan,0
Station_Rabat,2025,avril,10,13,nan,1,10,nan,nan,45
Station_Rabat,2025,avril,11,21,31,nan,41,1000,nan,49
Station_Rabat,2025,avril,12,nan,63,nan,nan,1003,nan,23
Station_Rabat,2025,avril,13,nan,nan,19,86,nan,nan,0
Station_Rabat,2025,avril,14,nan,67,nan,nan,nan,9,17
Station_Rabat,2025,avril,15,nan,nan,nan,12,nan,nan,15
Station_Rabat,2025,avril,16,nan,nan,13,nan,nan,nan,0
Station_Rabat,2025,avril,17,nan,51,nan,nan,nan,2,30
Station_Rabat,2025,avril,18,nan,nan,nan,nan,999,nan,3
Station_Rabat,2025,avril,19,nan,nan,nan,nan,nan,3,15
Station_Rabat,2025,avril,20,nan,62,nan,nan,nan,2,30
Station_Rabat,2025,avril,21,nan,nan,5,48,1024,1,46
Station_Rabat,2025,avril,22,22,0,nan,nan,998,nan,31
Station_Rabat,2025,avril,23,nan,10,20,nan,998,6,14
Station_Rabat,2025,avril,24,28,31,nan,78,1040,nan,36
Station_Rabat,2025,avril,25,5,63,13,nan,nan,10,22
Station_Rabat,2025,avril,26,nan,nan,nan,nan,1032,nan,8
Station_Rabat,2025,avril,27,nan,nan,nan,nan,nan,6,8
Station_Rabat,2025,avril,28,40,3,20,80,993,nan,11
Station_Rabat,2025,avril,29,nan,87,3,nan,nan,6,19
Station_Rabat,2025,avril,30,32,nan,nan,10,nan,9,32
Station_Rabat,2025,mai,1,nan,nan,7,nan,nan,nan,8
Station_Rabat,2025,mai,2,nan,33,11,nan,988,8,13
Station_Rabat,2025,mai,3,6,nan,15,nan,1036,nan,8
Station_Rabat,2025,mai,4,nan,12,0,nan,1024,6,41
Station_Rabat,2025,mai,5,11,nan,nan,18,991,5,48
Station_Rabat,2025,mai,6,nan,62,12,96,1019,6,38
Station_Rabat,2025,mai,7,33,65,18,nan,997,11,25
Station_Rabat,2025,mai,8,nan,39,nan,nan,nan,9,10
Station_Rabat,2025,mai,9,20,68,nan,nan,1035,2,63
Station_Rabat,2025,mai,10,26,nan,nan,78,nan,4,40
Station_Rabat,2025,mai,11,nan,nan,9,100,nan,nan,8
Station_Rabat,2025,mai,12,12,63,nan,36,1011,2,68
Station_Rabat,2025,mai,13,7,nan,nan,nan,nan,1,20
Station_Rabat,2025,mai,14,nan,nan,6,nan,nan,9,10
Station_Rabat,2025,mai,15,nan,91,15,98,980,3,21
Station_Rabat,2025,mai,16,nan,nan,16,nan,nan,nan,0
Station_Rabat,2025,mai,17,nan,92,16,16,1032,nan,26
Station_Rabat,2025,mai,18,nan,54,18,nan,1040,nan,18
Station_Rabat,2025,mai,19,13,1,20,77,1037,nan,21
Station_Rabat,2025,mai,20,1,53,nan,nan,989,9,25
Station_Rabat,2025,mai,21,nan,nan,nan,nan,1037,4,18
Station_Rabat,2025,mai,22,7,nan,nan,nan,998,nan,8
Station_Rabat,2025,mai,23,3,7,nan,44,1004,nan,24
Station_Rabat,2025,mai,24,nan,nan,nan,61,1009,nan,8
Station_Rabat,2025,mai,25,nan,nan,3,66,1004,nan,16
Station_Rabat,2025,mai,26,31,70,nan,nan,989,nan,33
Station_Rabat,2025,mai,27,nan,nan,nan,13,1013,6,38
Station_Rabat,2025,mai,28,nan,72,12,nan,nan,2,23
Station_Rabat,2025,mai,29,4,5,0,nan,nan,4,38
Station_Rabat,2025,mai,30,nan,75,13,nan,1014,3,38
Station_Rabat,2025,mai,31,nan,nan,nan,49,nan,1,23
Station_Rabat,2025,juin,1,30,nan,2,69,1039,6,41
Station_Rabat,2025,juin,2,nan,nan,nan,100,nan,nan,0
Station_Rabat,2025,juin,3,30,nan,8,8,nan,2,53
Station_Rabat,2025,juin,4,8,38,nan,0,nan,0,43
Station_Rabat,2025,juin,5,nan,81,nan,61,1010,nan,18
Station_Rabat,2025,juin,6,7,17,4,83,nan,nan,16
Station_Rabat,2025,juin,7,0,nan,nan,18,nan,4,35
Station_Rabat,2025,juin,8,nan,nan,11,88,nan,9,2
Station_Rabat,2025,juin,9,7,13,11,44,1005,6,32
Station_Rabat,2025,juin,10,2,nan,6,99,nan,9,15
Station_Rabat,2025,juin,11,nan,nan,12,25,nan,nan,15
Station_Rabat,2025,juin,12,nan,nan,nan,nan,nan,5,15
Station_Rabat,2025,juin,13,nan,nan,3,nan,985,nan,11
Station_Rabat,2025,juin,14,nan,nan,nan,nan,988,nan,3
Station_Rabat,2025,juin,15,16,43,nan,28,nan,5,60
Station_Rabat,2025,juin,16,nan,13,18,nan,1032,nan,11
Station_Rabat,2025,juin,17,32,81,nan,nan,nan,1,33
Station_Rabat,2025,juin,18,8,54,nan,39,1014,nan,43
Station_Rabat,2025,juin,19,nan,nan,nan,nan,981,nan,3
Station_Rabat,2025,juin,20,5,85,0,nan,1015,nan,38
Station_Rabat,2025,juin,21,9,14,nan,nan,nan,3,23
Station_Rabat,2025,juin,22,nan,nan,nan,nan,nan,nan,0
Station_Rabat,2025,juin,23,nan,8,nan,nan,1031,nan,11
Station_Rabat,2025,juin,24,nan,42,2,nan,nan,nan,30
Station_Rabat,2025,juin,25,3,nan,20,53,nan,6,21
Station_Rabat,2025,juin,26,nan,nan,nan,86,nan,5,15
Station_Rabat,2025,juin,27,29,98,0,nan,nan,0,48
Station_Rabat,2025,juin,28,nan,nan,0,nan,1018,9,32
Station_Rabat,2025,juin,29,nan,nan,nan,85,nan,7,8
Station_Rabat,2025,juin,30,nan,nan,12,54,nan,8,10
Station_Rabat,2025,juillet,1,30,nan,nan,55,nan,11,25
Station_Rabat,2025,juillet,2,nan,58,nan,23,1007,nan,38
Station_Rabat,2025,juillet,3,nan,57,2,nan,nan,7,38
Station_Rabat,2025,juillet,4,nan,nan,4,43,1010,2,46
Station_Rabat,2025,juillet,5,20,48,nan,71,nan,nan,40
Station_Rabat,2025,juillet,6,4,15,3,42,nan,nan,24
Station_Rabat,2025,juillet,7,8,50,2,nan,1033,8,45
Station_Rabat,2025,juillet,8,nan,83,nan,nan,996,nan,6
Station_Rabat,2025,juillet,9,33,71,11,nan,nan,nan,13
Station_Rabat,2025,juillet,10,nan,nan,nan,8,nan,7,23
Station_Rabat,2025,juillet,11,nan,51,nan,nan,nan,nan,15
Station_Rabat,2025,juillet,12,nan,nan,nan,100,nan,nan,0
Station_Rabat,2025,juillet,13,nan,49,4,89,nan,7,31
Station_Rabat,2025,juillet,14,1,nan,20,39,1040,6,24
Station_Rabat,2025,juillet,15,nan,92,17,nan,1003,4,26
Station_Rabat,2025,juillet,16,14,nan,8,83,1037,nan,26
Station_Rabat,2025,juillet,17,nan,100,nan,84,1021,nan,18
Station_Rabat,2025,juillet,18,26,27,12,66,nan,0,43
Station_Rabat,2025,juillet,19,30,67,0,nan,1029,nan,53
Station_Rabat,2025,juillet,20,16,31,19,nan,nan,11,25
Station_Rabat,2025,juillet,21,nan,nan,nan,68,1005,nan,8
Station_Rabat,2025,juillet,22,3,25,nan,nan,1024,nan,23
Station_Rabat,2025,juillet,23,nan,75,8,nan,nan,1,31
Station_Rabat,2025,juillet,24,8,71,3,nan,nan,4,36
Station_Rabat,2025,juillet,25,nan,nan,nan,nan,nan,2,15
Station_Rabat,2025,juillet,26,38,nan,7,79,nan,nan,13
Station_Rabat,2025,juillet,27,nan,30,nan,nan,1005,2,31
Station_Rabat,2025,juillet,28,nan,70,nan,85,nan,8,17
Station_Rabat,2025,juillet,29,nan,nan,17,44,nan,4,23
Station_Rabat,2025,juillet,30,nan,nan,nan,10,1022,5,45
Station_Rabat,2025,juillet,31,nan,88,1,17,nan,6,41
Station_Rabat,2025,aout,1,nan,56,nan,nan,1022,7,38
Station_Rabat,2025,aout,2,nan,97,nan,22,981,nan,21
Station_Rabat,2025,aout,3,32,nan,nan,nan,985,nan,18
Station_Rabat,2025,aout,4,15,9,nan,39,982,nan,29
Station_Rabat,2025,aout,5,8,nan,nan,nan,nan,nan,5
Station_Rabat,2025,aout,6,19,11,nan,nan,nan,6,36
Station_Rabat,2025,aout,7,nan,nan,nan,nan,nan,nan,0
Station_Rabat,2025,aout,8,30,98,14,nan,nan,1,33
Station_Rabat,2025,aout,9,nan,95,20,nan,nan,10,5
Station_Rabat,2025,aout,10,15,78,nan,nan,1022,nan,38
Station_Rabat,2025,aout,11,6,2,nan,86,nan,6,16
Station_Rabat,2025,aout,12,4,nan,nan,nan,nan,nan,5
Station_Rabat,2025,aout,13,32,nan,nan,nan,nan,5,30
Station_Rabat,2025,aout,14,13,55,nan,nan,1016,nan,45
Station_Rabat,2025,aout,15,28,nan,nan,7,997,nan,43
Station_Rabat,2025,aout,16,nan,16,nan,71,nan,3,18
Station_Rabat,2025,aout,17,40,nan,19,64,1008,nan,13
Station_Rabat,2025,aout,18,3,nan,8,87,1023,nan,28
Station_Rabat,2025,aout,19,nan,30,nan,nan,nan,nan,8
Station_Rabat,2025,aout,20,nan,nan,nan,nan,997,nan,3
Station_Rabat,2025,aout,21,34,nan,nan,nan,nan,nan,5
Station_Rabat,2025,aout,22,nan,nan,nan,92,994,nan,3
Station_Rabat,2025,aout,23,nan,83,7,nan,1009,10,21
Station_Rabat,2025,aout,24,27,nan,nan,nan,985,nan,28
Station_Rabat,2025,aout,25,3,1,3,30,1015,0,61
Station_Rabat,2025,aout,26,nan,27,0,nan,nan,9,20
Station_Rabat,2025,aout,27,19,33,13,18,1002,nan,56
Station_Rabat,2025,aout,28,nan,58,nan,30,nan,11,32
Station_Rabat,2025,aout,29,9,30,nan,17,1028,nan,36
Station_Rabat,2025,aout,30,1,46,6,nan,1014,11,45
Station_Rabat,2025,aout,31,nan,nan,6,85,984,4,26
Station_Rabat,2025,septembre,1,nan,63,nan,0,nan,1,45
Station_Rabat,2025,septembre,2,nan,87,nan,nan,nan,1,18
Station_Rabat,2025,septembre,3,34,26,8,3,1004,6,47
Station_Rabat,2025,septembre,4,37,nan,nan,nan,nan,nan,5
Station_Rabat,2025,septembre,5,nan,nan,nan,nan,nan,nan,0
Station_Rabat,2025,septembre,6,nan,49,nan,nan,982,0,33
Station_Rabat,2025,septembre,7,nan,10,nan,nan,997,nan,6
Station_Rabat,2025,septembre,8,nan,nan,14,nan,1034,5,23
Station_Rabat,2025,septembre,9,33,73,9,nan,nan,nan,21
Station_Rabat,2025,septembre,10,nan,14,17,42,nan,nan,11
Station_Rabat,2025,septembre,11,0,9,6,nan,986,nan,19
Station_Rabat,2025,septembre,12,10,46,nan,95,986,9,35
Station_Rabat,2025,septembre,13,38,27,nan,nan,nan,nan,8
Station_Rabat,2025,septembre,14,nan,nan,nan,nan,1007,nan,8
Station_Rabat,2025,septembre,15,nan,nan,6,nan,984,9,13
Station_Rabat,2025,septembre,16,nan,nan,nan,31,nan,9,10
Station_Rabat,2025,septembre,17,18,66,nan,43,nan,nan,48
Station_Rabat,2025,septembre,18,9,nan,nan,18,1029,1,43
Station_Rabat,2025,septembre,19,nan,nan,nan,80,1033,nan,8
Station_Rabat,2025,septembre,20,nan,nan,nan,15,994,5,33
Station_Rabat,2025,septembre,21,nan,92,nan,12,nan,nan,18
Station_Rabat,2025,septembre,22,0,76,16,nan,1021,11,30
Station_Rabat,2025,septembre,23,23,17,nan,nan,1009,nan,36
Station_Rabat,2025,septembre,24,nan,53,nan,nan,993,3,33
Station_Rabat,2025,septembre,25,nan,nan,3,nan,1025,nan,23
Station_Rabat,2025,septembre,26,nan,nan,nan,94,nan,0,15
Station_Rabat,2025,septembre,27,nan,nan,13,nan,nan,10,2
Station_Rabat,2025,septembre,28,18,21,17,nan,990,3,46
Station_Rabat,2025,septembre,29,0,56,nan,15,nan,5,50
Station_Rabat,2025,septembre,30,nan,78,3,63,nan,3,31
Station_Rabat,2025,octobre,1,2,nan,9,nan,nan,nan,13
Station_Rabat,2025,octobre,2,nan,nan,10,40,nan,nan,16
Station_Rabat,2025,octobre,3,15,48,13,nan,nan,9,32
Station_Rabat,2025,octobre,4,nan,68,2,nan,nan,nan,30
Station_Rabat,2025,octobre,5,nan,100,4,nan,nan,6,19
Station_Rabat,2025,octobre,6,nan,34,nan,nan,nan,nan,8
Station_Rabat,2025,octobre,7,30,13,13,nan,1012,5,48
Station_Rabat,2025,octobre,8,11,nan,nan,70,nan,7,23
Station_Rabat,2025,octobre,9,13,2,5,77,1036,nan,29
Station_Rabat,2025,octobre,10,15,77,9,26,nan,7,54
Station_Rabat,2025,octobre,11,nan,33,nan,nan,1028,nan,16
Station_Rabat,2025,octobre,12,35,27,9,85,1013,6,39
Station_Rabat,2025,octobre,13,37,nan,nan,nan,1035,nan,13
Station_Rabat,2025,octobre,14,5,79,nan,nan,1031,11,23
Station_Rabat,2025,octobre,15,6,50,11,55,980,1,46
Station_Rabat,2025,octobre,16,nan,49,9,nan,993,nan,26
Station_Rabat,2025,octobre,17,23,73,0,nan,1021,6,71
Station_Rabat,2025,octobre,18,nan,62,nan,17,nan,8,32
Station_Rabat,2025,octobre,19,4,nan,10,15,nan,nan,28
Station_Rabat,2025,octobre,20,15,90,nan,96,1035,nan,26
Station_Rabat,2025,octobre,21,40,nan,16,nan,1028,nan,13
Station_Rabat,2025,octobre,22,nan,41,nan,nan,nan,2,30
Station_Rabat,2025,octobre,23,35,76,nan,0,1021,2,58
Station_Rabat,2025,octobre,24,29,67,nan,27,1000,nan,53
Station_Rabat,2025,octobre,25,12,27,9,27,1005,nan,49
Station_Rabat,2025,octobre,26,nan,nan,nan,28,1008,1,38
Station_Rabat,2025,octobre,27,3,nan,14,35,1009,nan,21
Station_Rabat,2025,octobre,28,nan,nan,12,68,nan,8,2
Station_Rabat,2025,octobre,29,31,100,11,87,nan,4,33
Station_Rabat,2025,octobre,30,8,24,14,nan,1010,7,31
Station_Rabat,2025,octobre,31,35,nan,nan,2,1006,nan,28
Station_Rabat,2025,novembre,1,19,nan,nan,9,1028,nan,48
Station_Rabat,2025,novembre,2,nan,nan,nan,73,nan,6,8
Station_Rabat,2025,novembre,3,25,nan,7,92,nan,8,35
Station_Rabat,2025,novembre,4,27,31,nan,nan,1040,nan,36
Station_Rabat,2025,novembre,5,nan,4,nan,nan,nan,nan,3
Station_Rabat,2025,novembre,6,19,nan,2,nan,nan,10,42
Station_Rabat,2025,novembre,7,nan,95,8,nan,999,7,22
Station_Rabat,2025,novembre,8,nan,65,16,nan,997,11,20
Station_Rabat,2025,novembre,9,25,nan,nan,94,nan,5,40
Station_Rabat,2025,novembre,10,21,nan,nan,nan,nan,nan,25
Station_Rabat,2025,novembre,11,nan,63,nan,40,1033,nan,31
Station_Rabat,2025,novembre,12,39,nan,2,7,nan,1,50
Station_Rabat,2025,novembre,13,nan,39,9,nan,nan,4,31
Station_Rabat,2025,novembre,14,32,21,14,nan,nan,5,33
Station_Rabat,2025,novembre,15,nan,nan,7,nan,1033,1,31
Station_Rabat,2025,novembre,16,26,63,nan,nan,993,nan,43
Station_Rabat,2025,novembre,17,nan,45,6,53,nan,nan,31
Station_Rabat,2025,novembre,18,39,nan,3,70,nan,9,15
Station_Rabat,2025,novembre,19,nan,70,10,nan,1004,nan,31
Station_Rabat,2025,novembre,20,nan,nan,nan,nan,nan,nan,0
Station_Rabat,2025,novembre,21,16,24,nan,nan,986,9,23
Station_Rabat,2025,novembre,22,nan,nan,nan,65,989,3,18
Station_Rabat,2025,novembre,23,nan,37,nan,nan,1001,nan,16
Station_Rabat,2025,novembre,24,nan,nan,nan,7,nan,7,23
Station_Rabat,2025,novembre,25,nan,nan,1,46,1022,5,53
Station_Rabat,2025,novembre,26,26,30,10,nan,nan,2,56
Station_Rabat,2025,novembre,27,39,nan,1,nan,nan,0,35
Station_Rabat,2025,novembre,28,6,82,nan,nan,nan,2,23
Station_Rabat,2025,novembre,29,nan,nan,nan,nan,1020,5,30
Station_Rabat,2025,novembre,30,10,79,nan,nan,1020,nan,38
Station_Rabat,2025,decembre,1,nan,nan,4,nan,nan,8,10
Station_Rabat,2025,decembre,2,nan,nan,nan,82,1038,8,5
Station_Rabat,2025,decembre,3,39,nan,nan,71,nan,2,20
Station_Rabat,2025,decembre,4,5,nan,1,nan,nan,10,22
Station_Rabat,2025,decembre,5,1,5,nan,nan,nan,6,16
Station_Rabat,2025,decembre,6,19,33,12,nan,nan,10,35
Station_Rabat,2025,decembre,7,27,88,nan,12,1001,nan,51
Station_Rabat,2025,decembre,8,14,67,12,nan,nan,nan,30
Station_Rabat,2025,decembre,9,nan,nan,nan,nan,1015,0,30
Station_Rabat,2025,decembre,10,30,85,nan,nan,993,1,36
Station_Rabat,2025,decembre,11,33,nan,nan,91,nan,nan,5
Station_Rabat,2025,decembre,12,16,nan,nan,39,nan,9,25
Station_Rabat,2025,decembre,13,5,nan,nan,72,nan,2,20
Station_Rabat,2025,decembre,14,nan,71,16,80,1033,nan,16
Station_Rabat,2025,decembre,15,nan,nan,nan,nan,nan,nan,0
Station_Rabat,2025,decembre,16,nan,nan,1,65,1007,10,25
Station_Rabat,2025,decembre,17,31,81,nan,78,997,nan,21
Station_Rabat,2025,decembre,18,30,93,18,73,nan,nan,18
Station_Rabat,2025,decembre,19,nan,10,10,87,nan,8,13
Station_Rabat,2025,decembre,20,17,nan,2,67,nan,6,38
Station_Rabat,2025,decembre,21,nan,nan,19,54,nan,4,23
Station_Rabat,2025,decembre,22,22,9,20,nan,1019,7,51
Station_Rabat,2025,decembre,23,nan,nan,nan,nan,nan,nan,0
Station_Rabat,2025,decembre,24,20,nan,5,nan,1013,nan,48
Station_Rabat,2025,decembre,25,nan,61,nan,72,nan,nan,15
Station_Rabat,2025,decembre,26,nan,nan,nan,9,nan,nan,15
Station_Rabat,2025,decembre,27,23,51,3,41,997,0,74
Station_Rabat,2025,decembre,28,nan,nan,19,62,1039,nan,3
Station_Rabat,2025,decembre,29,nan,6,6,89,nan,nan,11
Station_Rabat,2025,decembre,30,33,52,nan,64,nan,nan,20
Station_Rabat,2025,decembre,31,22,nan,nan,2,1009,nan,48
